[
  {
    "id": "24ba99a9-5fb6-476b-b9e1-18a74db826d4",
    "data": [
      {
        "text": "could you tell me about yourself",
        "userDefined": false
      }
    ],
    "isTemplate": false,
    "count": 0,
    "updated": 1506475996
  },
  {
    "id": "3c81ab68-b5a9-40c1-9b81-6fe51ef3878d",
    "data": [
      {
        "text": "let\u0027s talk about you",
        "userDefined": false
      }
    ],
    "isTemplate": false,
    "count": 0,
    "updated": 1506475996
  },
  {
    "id": "fb800587-d42d-4ca4-9e98-c9ae1018bcda",
    "data": [
      {
        "text": "talk about yourself please",
        "userDefined": false
      }
    ],
    "isTemplate": false,
    "count": 0,
    "updated": 1506475996
  },
  {
    "id": "6833bf58-307d-49ef-b76a-bd06163b9ada",
    "data": [
      {
        "text": "tell me about yourself",
        "userDefined": false
      }
    ],
    "isTemplate": false,
    "count": 0,
    "updated": 1506475996
  },
  {
    "id": "e6eaf7cc-91e3-42b4-90eb-0ade8a38d6b5",
    "data": [
      {
        "text": "can you tell me a little about yourself",
        "userDefined": false
      }
    ],
    "isTemplate": false,
    "count": 0,
    "updated": 1506475996
  }
]