[
  {
    "id": "074d8e6c-1b51-40c7-aeab-4579d6e650e6",
    "data": [
      {
        "text": "could you tell me about your biggest weakness",
        "userDefined": false
      }
    ],
    "isTemplate": false,
    "count": 0,
    "updated": 1506476358
  },
  {
    "id": "930f4259-22ec-41b4-aa2a-e92d8df7783b",
    "data": [
      {
        "text": "what are your weaknesses",
        "userDefined": false
      }
    ],
    "isTemplate": false,
    "count": 0,
    "updated": 1506476358
  },
  {
    "id": "0ad6faed-87af-4b08-8935-dc7950279e49",
    "data": [
      {
        "text": "what is your biggest weakness",
        "userDefined": false
      }
    ],
    "isTemplate": false,
    "count": 0,
    "updated": 1506476358
  },
  {
    "id": "21f3ee4c-4e4b-42bf-8be1-2f25a9af0c23",
    "data": [
      {
        "text": "do you have weak points",
        "userDefined": false
      }
    ],
    "isTemplate": false,
    "count": 0,
    "updated": 1506476358
  },
  {
    "id": "0b2f3d8a-a713-498d-9953-13d0b412e05c",
    "data": [
      {
        "text": "tell me about your weaknesses",
        "userDefined": false
      }
    ],
    "isTemplate": false,
    "count": 0,
    "updated": 1506476358
  }
]