[
  {
    "id": "bd01fc21-e47a-4f04-98e2-b02c41a31eeb",
    "data": [
      {
        "text": "hey",
        "userDefined": false
      }
    ],
    "isTemplate": false,
    "count": 0
  },
  {
    "id": "96089d15-9c07-4c6f-8e5f-df22d79add63",
    "data": [
      {
        "text": "good day",
        "userDefined": false
      }
    ],
    "isTemplate": false,
    "count": 0
  },
  {
    "id": "c9e6a274-e9a1-4a47-9a0a-ee9fc29a0224",
    "data": [
      {
        "text": "what\u0027s up",
        "userDefined": false
      }
    ],
    "isTemplate": false,
    "count": 0
  },
  {
    "id": "a910fe24-98ec-4d31-9a77-d4de0c1e073a",
    "data": [
      {
        "text": "good morning",
        "userDefined": false
      }
    ],
    "isTemplate": false,
    "count": 0
  },
  {
    "id": "37b3902d-d04d-4ad4-8156-b36a1a635877",
    "data": [
      {
        "text": "hello",
        "userDefined": false
      }
    ],
    "isTemplate": false,
    "count": 0
  },
  {
    "id": "549fb2d2-7f3d-44bc-a271-9c1589cdf4cc",
    "data": [
      {
        "text": "hi",
        "userDefined": false
      }
    ],
    "isTemplate": false,
    "count": 0
  },
  {
    "id": "4cdf14c3-b02b-41fe-bf8c-519bb06143da",
    "data": [
      {
        "text": "how are you doing",
        "userDefined": false
      }
    ],
    "isTemplate": false,
    "count": 0
  }
]