[
  {
    "id": "ec380e82-4310-430c-bed8-99bafb03a9d3",
    "data": [
      {
        "text": "talk about your hobbies please",
        "userDefined": false
      }
    ],
    "isTemplate": false,
    "count": 1,
    "updated": 1506476223
  },
  {
    "id": "a9a473e6-3601-4412-aa42-7f6530992284",
    "data": [
      {
        "text": "what do you do in your free time",
        "userDefined": false
      }
    ],
    "isTemplate": false,
    "count": 0,
    "updated": 1506476223
  },
  {
    "id": "9f7e86c1-1f28-4b76-9467-3758da47204b",
    "data": [
      {
        "text": "how about your free time?",
        "userDefined": false
      }
    ],
    "isTemplate": false,
    "count": 0
  },
  {
    "id": "0fdc2f08-9c6c-4bd5-b8f7-963fbeedbed9",
    "data": [
      {
        "text": "do you have a hobby",
        "userDefined": false
      }
    ],
    "isTemplate": false,
    "count": 0
  },
  {
    "id": "4d3d2969-d3a0-4a19-9cd7-9db1d11c8423",
    "data": [
      {
        "text": "what are your hobbies",
        "userDefined": false
      }
    ],
    "isTemplate": false,
    "count": 0,
    "updated": 1506476223
  },
  {
    "id": "cedae146-afec-4c45-b703-ee73fa6fea3c",
    "data": [
      {
        "text": "tell me about your hobbies",
        "userDefined": false
      }
    ],
    "isTemplate": false,
    "count": 0,
    "updated": 1506476223
  }
]