[
  {
    "id": "2d223f2b-fabb-4377-aacb-fe77ff26bb2d",
    "data": [
      {
        "text": "do you have a resume",
        "userDefined": false
      }
    ],
    "isTemplate": false,
    "count": 0,
    "updated": 1506476060
  },
  {
    "id": "a6163ba5-39a8-402b-b174-dba95f12a99b",
    "data": [
      {
        "text": "I\u0027d like to take a look at your resume",
        "userDefined": false
      }
    ],
    "isTemplate": false,
    "count": 0,
    "updated": 1506476060
  },
  {
    "id": "082c72ee-a233-4346-b660-4493e3364660",
    "data": [
      {
        "text": "may I take a look at your resume",
        "userDefined": false
      }
    ],
    "isTemplate": false,
    "count": 0,
    "updated": 1506476060
  },
  {
    "id": "13deec29-23b3-4800-bcad-0451ab7f355b",
    "data": [
      {
        "text": "could you show me your resume",
        "userDefined": false
      }
    ],
    "isTemplate": false,
    "count": 0,
    "updated": 1506476060
  },
  {
    "id": "1f76667c-2b1f-41c8-9cc5-f7ec6f8319f3",
    "data": [
      {
        "text": "show me your resume",
        "userDefined": false
      }
    ],
    "isTemplate": false,
    "count": 0,
    "updated": 1506476060
  },
  {
    "id": "cd7e71e0-f05c-4422-b791-fcd4233ff026",
    "data": [
      {
        "text": "show me your resume",
        "userDefined": false
      }
    ],
    "isTemplate": false,
    "count": 0,
    "updated": 1506476060
  }
]